{"cameraMode":{"drawMode":0,"name":"Shaded","section":"Shading Mode"},"sceneLighting":true,"audioPlay":false,"sceneViewState":{"showFog":true,"showMaterialUpdate":false,"showSkybox":true,"showFlares":true,"showImageEffects":true,"showParticleSystems":true},"in2DMode":false,"pivot":{"x":-0.002514362335205078,"y":1.1191372871398926,"z":0.052632808685302737},"rotation":{"x":0.36143234372138979,"y":0.2264903485774994,"z":-0.09096785634756088,"w":0.8999525308609009},"size":275.7182312011719,"orthographic":true}