{"cameraMode":{"drawMode":0,"name":"Shaded","section":"Shading Mode"},"sceneLighting":false,"audioPlay":false,"sceneViewState":{"showFog":true,"showMaterialUpdate":false,"showSkybox":false,"showFlares":true,"showImageEffects":true,"showParticleSystems":true},"in2DMode":false,"pivot":{"x":15.810996055603028,"y":148.80018615722657,"z":544.1111450195313},"rotation":{"x":-0.11393289268016815,"y":0.5359708070755005,"z":-0.07332032918930054,"w":-0.8333597183227539},"size":4.60752010345459,"orthographic":true}