{"cameraMode":{"drawMode":0,"name":"Shaded","section":"Shading Mode"},"sceneLighting":false,"audioPlay":false,"sceneViewState":{"showFog":true,"showMaterialUpdate":false,"showSkybox":false,"showFlares":true,"showImageEffects":true,"showParticleSystems":true},"in2DMode":false,"pivot":{"x":15.123541831970215,"y":148.9681854248047,"z":544.6486206054688},"rotation":{"x":-0.23276293277740479,"y":0.3914392292499542,"z":-0.10310424864292145,"w":-0.884339451789856},"size":11.845499038696289,"orthographic":true}