{"cameraMode":{"drawMode":0,"name":"Shaded","section":"Shading Mode"},"sceneLighting":false,"audioPlay":false,"sceneViewState":{"showFog":true,"showMaterialUpdate":false,"showSkybox":false,"showFlares":true,"showImageEffects":true,"showParticleSystems":true},"in2DMode":false,"pivot":{"x":-8.114767074584961,"y":139.29043579101563,"z":496.3948059082031},"rotation":{"x":0.2670744061470032,"y":0.6207101941108704,"z":-0.23740547895431519,"w":0.6979418396949768},"size":10.0,"orthographic":true}