{"cameraMode":{"drawMode":0,"name":"Shaded","section":"Shading Mode"},"sceneLighting":false,"audioPlay":false,"sceneViewState":{"showFog":true,"showMaterialUpdate":false,"showSkybox":false,"showFlares":true,"showImageEffects":true,"showParticleSystems":true},"in2DMode":false,"pivot":{"x":410.90338134765627,"y":21.914461135864259,"z":-275.20953369140627},"rotation":{"x":-0.020594196394085885,"y":-0.9466914534568787,"z":0.31571152806282046,"w":-0.061436377465724948},"size":80.89010620117188,"orthographic":true}